<?xml version="1.0" encoding="UTF-8"?>
<project-private xmlns="http://www.netbeans.org/ns/project-private/1">
    <editor-bookmarks xmlns="http://www.netbeans.org/ns/editor-bookmarks/2" lastBookmarkId="0"/>
    <open-files xmlns="http://www.netbeans.org/ns/projectui-open-files/2">
        <group>
            <file>file:/C:/Users/T490/OneDrive%20-%20Mahlatji%20Mmetji%20Group/Documents/NetBeansProjects/EasyGoEJBModule/src/java/Entity/menuEntityFacadeLocal.java</file>
            <file>file:/C:/Users/T490/OneDrive%20-%20Mahlatji%20Mmetji%20Group/Documents/NetBeansProjects/EasyGoEJBModule/src/java/Entity/menuEntity.java</file>
            <file>file:/C:/Users/T490/OneDrive%20-%20Mahlatji%20Mmetji%20Group/Documents/NetBeansProjects/EasyGoEJBModule/src/java/Service/MenuService.java</file>
            <file>file:/C:/Users/T490/OneDrive%20-%20Mahlatji%20Mmetji%20Group/Documents/NetBeansProjects/EasyGoEJBModule/src/java/Entity/menuEntityFacade.java</file>
            <file>file:/C:/Users/T490/OneDrive%20-%20Mahlatji%20Mmetji%20Group/Documents/NetBeansProjects/EasyGoEJBModule/src/java/Entity/AbstractFacade.java</file>
        </group>
    </open-files>
</project-private>
