<?xml version="1.0" encoding="UTF-8"?>
<project-private xmlns="http://www.netbeans.org/ns/project-private/1">
    <editor-bookmarks xmlns="http://www.netbeans.org/ns/editor-bookmarks/2" lastBookmarkId="0"/>
    <open-files xmlns="http://www.netbeans.org/ns/projectui-open-files/2">
        <group>
            <file>file:/C:/Users/T490/OneDrive%20-%20Mahlatji%20Mmetji%20Group/Documents/NetBeansProjects/EasyGoCanteenWepApp/src/java/controller/ManageMenuServlet.java</file>
            <file>file:/C:/Users/T490/OneDrive%20-%20Mahlatji%20Mmetji%20Group/Documents/NetBeansProjects/EasyGoCanteenWepApp/web/student_dashboard.jsp</file>
            <file>file:/C:/Users/T490/OneDrive%20-%20Mahlatji%20Mmetji%20Group/Documents/NetBeansProjects/EasyGoCanteenWepApp/web/WEB-INF/web.xml</file>
            <file>file:/C:/Users/T490/OneDrive%20-%20Mahlatji%20Mmetji%20Group/Documents/NetBeansProjects/EasyGoCanteenWepApp/web/error.jsp</file>
            <file>file:/C:/Users/T490/OneDrive%20-%20Mahlatji%20Mmetji%20Group/Documents/NetBeansProjects/EasyGoCanteenWepApp/src/java/controller/ExportUserServlet.java</file>
            <file>file:/C:/Users/T490/OneDrive%20-%20Mahlatji%20Mmetji%20Group/Documents/NetBeansProjects/EasyGoCanteenWepApp/src/java/controller/ViewOrdersServlet.java</file>
            <file>file:/C:/Users/T490/OneDrive%20-%20Mahlatji%20Mmetji%20Group/Documents/NetBeansProjects/EasyGoCanteenWepApp/web/updateMenu.jsp</file>
            <file>file:/C:/Users/T490/OneDrive%20-%20Mahlatji%20Mmetji%20Group/Documents/NetBeansProjects/EasyGoCanteenWepApp/web/menuSuccess.jsp</file>
            <file>file:/C:/Users/T490/OneDrive%20-%20Mahlatji%20Mmetji%20Group/Documents/NetBeansProjects/EasyGoCanteenWepApp/web/updateDeliveryStatus.jsp</file>
            <file>file:/C:/Users/T490/OneDrive%20-%20Mahlatji%20Mmetji%20Group/Documents/NetBeansProjects/EasyGoCanteenWepApp/web/canteen_dashboard.jsp</file>
            <file>file:/C:/Users/T490/OneDrive%20-%20Mahlatji%20Mmetji%20Group/Documents/NetBeansProjects/EasyGoCanteenWepApp/web/view_orders.jsp</file>
            <file>file:/C:/Users/T490/OneDrive%20-%20Mahlatji%20Mmetji%20Group/Documents/NetBeansProjects/EasyGoCanteenWepApp/web/assignedDeliveries.jsp</file>
            <file>file:/C:/Users/T490/OneDrive%20-%20Mahlatji%20Mmetji%20Group/Documents/NetBeansProjects/EasyGoCanteenWepApp/src/java/za/ac/tut/model/MenuItem.java</file>
            <file>file:/C:/Users/T490/OneDrive%20-%20Mahlatji%20Mmetji%20Group/Documents/NetBeansProjects/EasyGoCanteenWepApp/nbproject/build-impl.xml</file>
            <file>file:/C:/Users/T490/OneDrive%20-%20Mahlatji%20Mmetji%20Group/Documents/NetBeansProjects/EasyGoCanteenWepApp/src/java/controller/UpdateDeliveryStatusServlet.java</file>
            <file>file:/C:/Users/T490/OneDrive%20-%20Mahlatji%20Mmetji%20Group/Documents/NetBeansProjects/EasyGoCanteenWepApp/src/java/controller/UpdateStockServlet.java</file>
            <file>file:/C:/Users/T490/OneDrive%20-%20Mahlatji%20Mmetji%20Group/Documents/NetBeansProjects/EasyGoCanteenWepApp/src/java/controller/UpdateMenuServlet.java</file>
        </group>
    </open-files>
</project-private>
